epoch,train_loss
1,1.7652954494953155
2,0.33150363504886626
3,0.2123909142613411
4,0.19643960416316986
5,0.1865472102165222
6,0.1787285900115967
7,0.17241676300764083
8,0.16727952539920807
9,0.16308144643902778
10,0.1595238544046879
11,0.15641737684607507
12,0.1536337335407734
13,0.15111911058425903
14,0.1488165506720543
15,0.1467033663392067
16,0.1447668707370758
17,0.14299420922994613
18,0.1413264738023281
19,0.13982097774744034
20,0.13841897517442703
