epoch,train_loss
1,0.40727684382469426
2,0.17176315596988123
3,0.15703825087797257
4,0.1502449901834611
5,0.14487442398263561
6,0.1414358071502178
7,0.13935536158181006
8,0.13613236046606494
9,0.13319131263321446
10,0.13077028191858722
11,0.12699591572726926
12,0.12527671252046862
13,0.12055345612668222
14,0.11854597289235361
15,0.11487961596538944
16,0.11378719441352352
17,0.11101650278414449
18,0.10945018446974215
19,0.10814806470467199
20,0.1066562972001491
